<ImportExportXml xmlns:xsi="http://www.w3.org/2001/XMLSchema-instance" OrganizationVersion="9.2.25043.222" OrganizationSchemaType="Full" CRMServerServiceabilityVersion="9.2.25043.00222">
  <Entities></Entities>
  <Roles></Roles>
  <Workflows>
    <Workflow WorkflowId="{5f20c0e6-966e-ef11-a670-6045bdd75a2c}" Name="Run profiles for an activity type with incremental filter ">
      <JsonFileName>/Workflows/Runprofilesforanactivitytypewithincrementalfilter-5F20C0E6-966E-EF11-A670-6045BDD75A2C.json</JsonFileName>
      <Type>1</Type>
      <Subprocess>0</Subprocess>
      <Category>5</Category>
      <Mode>0</Mode>
      <Scope>4</Scope>
      <OnDemand>0</OnDemand>
      <TriggerOnCreate>0</TriggerOnCreate>
      <TriggerOnDelete>0</TriggerOnDelete>
      <AsyncAutodelete>0</AsyncAutodelete>
      <SyncWorkflowLogOnFailure>0</SyncWorkflowLogOnFailure>
      <StateCode>1</StateCode>
      <StatusCode>2</StatusCode>
      <RunAs>1</RunAs>
      <IsTransacted>1</IsTransacted>
      <IntroducedVersion>1.0.0.0</IntroducedVersion>
      <IsCustomizable>1</IsCustomizable>
      <IsCustomProcessingStepAllowedForOtherPublishers>1</IsCustomProcessingStepAllowedForOtherPublishers>
      <ModernFlowType>0</ModernFlowType>
      <PrimaryEntity>none</PrimaryEntity>
      <LocalizedNames>
        <LocalizedName languagecode="1033" description="Run profiles for an activity type with incremental filter " />
      </LocalizedNames>
    </Workflow>
    <Workflow WorkflowId="{6774e2bc-c613-f011-998a-6045bd03c93c}" Name="Scheduled - Run Incremental Calculation">
      <JsonFileName>/Workflows/Scheduled-RunIncrementalCalculation-6774E2BC-C613-F011-998A-6045BD03C93C.json</JsonFileName>
      <Type>1</Type>
      <Subprocess>0</Subprocess>
      <Category>5</Category>
      <Mode>0</Mode>
      <Scope>4</Scope>
      <OnDemand>0</OnDemand>
      <TriggerOnCreate>0</TriggerOnCreate>
      <TriggerOnDelete>0</TriggerOnDelete>
      <AsyncAutodelete>0</AsyncAutodelete>
      <SyncWorkflowLogOnFailure>0</SyncWorkflowLogOnFailure>
      <StateCode>1</StateCode>
      <StatusCode>2</StatusCode>
      <RunAs>1</RunAs>
      <IsTransacted>1</IsTransacted>
      <IntroducedVersion>1.0.0.2</IntroducedVersion>
      <IsCustomizable>1</IsCustomizable>
      <BusinessProcessType>0</BusinessProcessType>
      <IsCustomProcessingStepAllowedForOtherPublishers>1</IsCustomProcessingStepAllowedForOtherPublishers>
      <ModernFlowType>0</ModernFlowType>
      <PrimaryEntity>none</PrimaryEntity>
      <LocalizedNames>
        <LocalizedName languagecode="1033" description="Scheduled - Run Incremental Calculation" />
      </LocalizedNames>
    </Workflow>
  </Workflows>
  <FieldSecurityProfiles></FieldSecurityProfiles>
  <Templates />
  <EntityMaps />
  <EntityRelationships />
  <OrganizationSettings />
  <optionsets />
  <CustomControls />
  <SolutionPluginAssemblies>
    <PluginAssembly FullName="FindMatchingCalculationProfiles, Version=1.0.0.0, Culture=neutral, PublicKeyToken=70e9d8a2bca0915e" PluginAssemblyId="5b8a4a59-23b1-4ca7-b311-b18734bee47e" CustomizationLevel="1">
      <IsolationMode>2</IsolationMode>
      <SourceType>0</SourceType>
      <IntroducedVersion>1.0</IntroducedVersion>
      <FileName>/PluginAssemblies/FindMatchingCalculationProfiles-5B8A4A59-23B1-4CA7-B311-B18734BEE47E/FindMatchingCalculationProfiles.dll</FileName>
      <PluginTypes>
        <PluginType AssemblyQualifiedName="Microsoft.Dynamics.Sustainability.Plugins.FindMatchingCalculationProfilesPlugin, FindMatchingCalculationProfiles, Version=1.0.0.0, Culture=neutral, PublicKeyToken=70e9d8a2bca0915e" PluginTypeId="cbdf05aa-ddbf-41b6-a838-8085864af91a" Name="Microsoft.Dynamics.Sustainability.Plugins.FindMatchingCalculationProfilesPlugin">
          <FriendlyName>1ebbf272-b95d-4bda-b50b-77d9cf475da8</FriendlyName>
        </PluginType>
      </PluginTypes>
    </PluginAssembly>
  </SolutionPluginAssemblies>
  <EntityDataProviders />
  <connectionreferences>
    <connectionreference connectionreferencelogicalname="new_sharedcommondataserviceforapps_83942">
      <connectionreferencedisplayname>Microsoft Dataverse</connectionreferencedisplayname>
      <connectorid>/providers/Microsoft.PowerApps/apis/shared_commondataserviceforapps</connectorid>
      <iscustomizable>1</iscustomizable>
      <promptingbehavior>0</promptingbehavior>
      <statecode>0</statecode>
      <statuscode>1</statuscode>
    </connectionreference>
  </connectionreferences>
  <msdyn_dataconnections>
    <msdyn_dataconnection msdyn_dataconnectionid="832393a5-e80f-f011-9988-002248092ab2">
      <iscustomizable>1</iscustomizable>
      <msdyn_dataconnectionstatus>700610003</msdyn_dataconnectionstatus>
      <msdyn_dataconnectiontype>192350005</msdyn_dataconnectiontype>
      <msdyn_dataconnector>
        <msdyn_dataconnectorid>3e8b5d97-8459-ef11-a316-6045bd08dd6d</msdyn_dataconnectorid>
      </msdyn_dataconnector>
      <msdyn_deletedataonrefresh>0</msdyn_deletedataonrefresh>
      <msdyn_description>System connection used to flag data updates done by custom automations</msdyn_description>
      <msdyn_name>System Connection</msdyn_name>
      <msdyn_readytoimport>0</msdyn_readytoimport>
      <statecode>0</statecode>
      <statuscode>1</statuscode>
    </msdyn_dataconnection>
  </msdyn_dataconnections>
  <Languages>
    <Language>1033</Language>
  </Languages>
</ImportExportXml>